Block,Trial,Problem,CorrectResponse,SubjectResponse,SubjectAccuracy,ResponseTime
1,0,"('1+1=', 2)",2,2,1,1.1933996000007028
1,1,"('1+1=', 2)",2,2,1,1.1985234000021592
1,2,"('4-1=', 3)",3,3,1,1.1651892999943811
1,3,"('1+1=', 2)",2,1,2,0.802607599995099
1,0,"('1+1=', 2)",2,2,1,1.1933996000007028
1,1,"('1+1=', 2)",2,2,1,1.1985234000021592
1,2,"('4-1=', 3)",3,3,1,1.1651892999943811
1,3,"('1+1=', 2)",2,1,2,0.802607599995099
